<addon id="plugin.video.kinomanuz" name="Kinoman.Uz" provider-name="vzhd1701" version="0.0.2">
    <requires>
        <import addon="xbmc.python" version="2.25.0"/>
        <import addon="script.module.requests" version="2.19.1"/>
    </requires>
    <extension library="addon.py" point="xbmc.python.pluginsource">
        <provides>video</provides>
    </extension>
    <extension point="xbmc.addon.metadata">
        <platform>all</platform>
        <language>ru</language>
        <license>MIT</license>
        <summary lang="ru_RU">Видео портал Kinoman.Uz</summary>
        <description lang="ru_RU">Дополнение для видео портала kinoman.uz. Онлайн-кинотеатр с лучшими новинками в HD качестве! Более 10 000 фильмов, сериалов, тв-программ, мультфильмов!</description>
        <disclaimer lang="ru_RU">Этот плагин не поддерживается и не относится к компании Sarkor Telecom или разработчикам сайта www.kinoman.uz</disclaimer>
        <source>https://github.com/vzhd1701/plugin.video.kinomanuz</source>
        <website>https://www.kinoman.uz</website>
        <assets>
            <icon>icon.png</icon>
            <fanart>fanart.jpg</fanart>
        </assets>
        <news>[B]v0.0.2[/B] (2020-04-11)[CR]- Исправление работы со ссылками на видео[CR]- Теперь проигрыватель должен запоминать место воспроизведения</news>
    </extension>
</addon>
