<?xml version="1.0" encoding="UTF-8"?>
<addon id="repository.vzhd1701" name="vzhd1701 repository" provider-name="vzhd1701" version="2.0.0">
    <extension point="xbmc.addon.metadata">
        <summary>vzhd1701 repository</summary>
        <description>Addon repository by vzhd1701</description>
        <platform>all</platform>
    </extension>
    <extension name="vzhd1701 repository" point="xbmc.addon.repository">
        <dir>
            <info>https://raw.githubusercontent.com/vzhd1701/kodi.repository/master/addons.xml</info>
            <checksum>https://raw.githubusercontent.com/vzhd1701/kodi.repository/master/addons.xml.sha256</checksum>
            <datadir zip="true">https://raw.githubusercontent.com/vzhd1701/kodi.repository/master</datadir>
            <hashes>false</hashes>
        </dir>
    </extension>
</addon>
